midx,title,percent,director,actors,genre,release_date,rating,story,image_url,reviews,male_pct,female_pct,OST,감독연출,스토리,영상미,배우연기,스트레스 해소,현실감,긴장감,몰입감,무서움,즐거움,공감,감동,상상력,유쾌함,영감 자극
89454,야당,23.2%,황병국,"강하늘, 유해진, 박해준, 류경수, 채원빈","범죄, 액션",2025.04.16,청소년관람불가,"대한민국 마약 수사의 뒷거래모든 것은 야당으로부터 시작된다!누명을 쓰고 교도소에 수감된 이강수(강하늘)는검사 구관희(유해진)로부터 감형을 조건으로 야당을 제안받는다.강수는 관희의 야당이 돼 마약 수사를 뒤흔들기 시작하고,출세에 대한 야심이 가득한 관희는굵직한 실적을 올려 탄탄대로의 승진을 거듭한다.한편, 마약수사대 형사 오상재(박해준)는수사 과정에서 강수의 야당질로 번번이 허탕을 치고,끈질긴 집념으로 강수와 관희의 관계를 파고든다.마약판을 설계하는 브로커 강수,더 높은 곳에 오르려는 관희, 마약 범죄 소탕에 모든 것을 건 상재.세 사람은 각자 다른 이해관계로 얽히기 시작하는데…",https://img.cgv.co.kr/Movie/Thumbnail/Poster/000089/89454/89454_320.jpg,"영화속 온갖 범죄가 현실과 차이 없는듯 하네요ㅠㅠ 영화는 볼만합니다^^ / 답답한 요즘 사이다 한 잔 마신 느낌 / 긴장감에 반전에 시간가는줄 모르고 재밋게 봤어요. / 올해 본 영화 중에서 역대 최고 / 전개속도도 빠르고 재밌음. / 볼만합니다 .현실속 범죄,마약,비리...",50.3,49.7,12,42,59,22,87,35.0,33.0,39.0,63,19.0,,,,,,
89513,마리아,2.2%,파블로 라라인,"안젤리나 졸리, 피에르프란체스코 파비노, 알바 로르와처",드라마,2025.04.16,15세이상관람가,"“준비가 끝나면 언제든 다시 노래할 거예요”음악이 인생의 전부였고무대가 존재의 이유였던세기의 프리마돈나, 불멸의 소프라노,마리아 칼라스가 오로지 자신만을 위해 준비한마지막 무대",https://img.cgv.co.kr/Movie/Thumbnail/Poster/000089/89513/89513_320.jpg,좋았어요좋았어요좋았어요 / 그래도 예술을 놓치 않는 열정. / 역시 예술가는 외롭다. / 아 이런 뒷 이야기가 있었군요.ㅜㅜ / 실존인물과 이미지가 너무 비슷~ 연기 ㅎㄷㄷ임 왜 여우주연상을 안줬지?? / 화려한 생활 이후 고통의 나날들,44.5,55.5,54,41,38,50,84,8.0,,,69,,30.0,38.0,41.0,,,
89485,승부,1.9%,김형주,"이병헌, 유아인, 고창석, 현봉식, 김강훈, 문정희, 조우진",드라마,2025.03.26,12세이상관람가,"세계 최고 바둑 대회에서 국내 최초 우승자가 된 조훈현.전 국민적 영웅으로 대접받던 그는 바둑 신동이라 불리는 이창호를 제자로 맞는다.“실전에선 기세가 8할이야”제자와 한 지붕 아래에서 먹고 자며 가르친 지 수년.모두가 스승의 뻔한 승리를 예상했던 첫 사제 대결에서조훈현은 전 국민이 지켜보는 가운데, 기세를 탄 제자에게 충격적으로 패한다.오랜만에 패배를 맛본 조훈현과 이제 승부의 맛을 알게 된 이창호조훈현은 타고난 승부사적 기질을 되살리며 다시 한번 올라갈 결심을 하게 되는데…",https://img.cgv.co.kr/Movie/Thumbnail/Poster/000089/89485/89485_320.jpg,"스토리 전개가 좋았어요 / 두번 보고싶은 영화. 바둑 1도 모르지만, 심지어 이병헌 유아인을 별로 좋아하지 않지만 이 영화보고나서 이병헌 유아인을 배우로서 인정하게 됨. 연기 잘하는 배우들 인줄이야 익히 알았지만 반잔한 스토리임에도 이병헌 유아인 정말 대단한 연기파 배우네요. 이런 사람들이 배우해야함. / 보고싶었는데 너무 늦게 바버림ㅠ 바둑 룰은 잘 모르지만 배우님들의 연기때문인지 몰입이 잘 되고 이해가 잘되써요~재밌고 감동적인 스승과 제자 얘기 잘보고 갑니당ㅎ / 역시 연기파 배우들 믿고 봤어요 / 배우들 연기력 대결에 숨막혔네요 그것만으로도 볼만했어요 / 청출어람의 영화, 스승과 제자의 바둑시합이 압권이 영화. 실화를 근거로한.. 진지한 승부가 재밌었다",52.8,47.3,15,41,53,24,91,18.0,,,72,,26.0,38.0,37.0,,,
89549,사유리,1.3%,시라이시 코지,"미나미데 료카, 네기시 토시에, 콘도 하나, 카지와라 젠, 우라베 후사코, 키타로, 모리타 코코로, 이노마타 레이오",호러,2025.04.16,15세이상관람가,꿈에 그리던 집으로 이사 온 카미키 가족.하지만 행복한 시간도 잠시 어디선가 들려오는 기괴한 웃음소리와 함께가족들이 차례로 죽음을 맞이한다.이제 남은 사람은 치매에 걸린 할머니와 중3 손자.두 사람은 모든 일들이 이 집에 살았던 소녀 사유리 때문인 걸 알게 되고이들의 살아남기 위한 각성과 반격이 시작된다.,https://img.cgv.co.kr/Movie/Thumbnail/Poster/000089/89549/89549_320.jpg,"좋아요,다시보고픈그런영~~~ / 호러, 코미디, 드라마 장르를 태극권 돌리듯 / 너무너무 무서웠습니다! / 소재나 아이디어는 평범하지만 호러적인 부분은 좋았음 / 영화 사유리 봤습니다. / 잘봤습니다잘봤습니다",54.6,45.4,19,33,45,22,47,19.0,19.0,39.0,46,42.0,,,,,,
84818,은혼 더 파이널,1.1%,미야와키 치즈루,"스기타 토모카즈, 사카구치 다이스케, 쿠기미야 리에, 이시다 아키라, 코야스 타케히토",애니메이션,2025.04.18,15세이상관람가,"사무라이의 영혼을 건, 최후의 난리법석이 시작된다!해결사 긴토키 일행이 뿔뿔이 흩어진 지 2년 후,지구 멸망을 향한 카운트다운이 시작된다.부활한 ‘우츠로’를 막기 위해긴토키 3인방과 예전의 동료들, 라이벌들까지 모두 합세하는데.모두의 운명을 건 최후의 결전!복근과 눈물샘을 파괴하는 美친 연출!SF판타지 대환장 블록버스터은혼, 그 마지막 이야기",https://img.cgv.co.kr/Movie/Thumbnail/Poster/000084/84818/84818_320.jpg,"은혼의 장르는 은혼이라는 걸 다시 실감했다 울다가도 웃고.. 모든게 무너져도 다시 일어서는 모습이 감동이었다 / 최고의 결말, 삼젯이 너무너무 기대됨 / 이 영화를 스크린으로 보다니...너무좋다 / 은혼 극장판. 마무리~♡ 은혼 해결샤는 끝나지 않았다~잉 언제나 당신의 눈물을 닦아준다^♡^ 엔딩곡 끝 나고 쿠키영상은 에휴~♡ / 진짜 최고ㅠㅠㅠ 마지막까지 완벽했다 / 은혼 더파이널 최고 진짜 극장가서 보기 너무 잘했다",11.9,88.1,56,47,65,47,45,,,,42,,,21.0,35.0,50.0,60.0,
89362,브리짓 존스의 일기: 뉴 챕터,0.7%,마이클 모리스,"르네 젤위거, 휴 그랜트, 엠마 톰슨, 치웨텔 에지오포, 레오 우달","코미디, 로맨스, 멜로",2025.04.16,15세이상관람가,"4년 전, 사랑하는 남편 ‘마크 다시’를 잃고 싱글맘으로 살아가던 ‘브리짓 존스’정체된 그녀의 삶을 걱정하는 주변인들의 권유와 압박으로데이팅 앱에서 매력적인 연하남과 만나 오랜만에 설레는 사랑의 감정을 되찾는 한편방송국에도 복직해 일과 가정, 로맨스를 병행하게 된다.고군분투하며 최선을 다하지만  연하남과의 연애도, 직장 생활도, 아이들과의 관계도모든 것이 쉽지 않은 상황 속에서 ‘브리짓’은 무엇이 정말 자신을 위한 삶인지 고민하게 되는데…누군가의 아내, 누군가의 엄마가 아닌 다시 브리짓!",https://img.cgv.co.kr/Movie/Thumbnail/Poster/000089/89362/89362_320.jpg,"브리짓! 당신의 남자 운빨에 박수를 !! 도시 괴담 , 동화 같은 이야기 / 시리즈의 마지막을 장식하기에 더없이 완벽하네요 여전히 사랑스러운 브리짓과 계속 곁에 있는 친구들 아이들까지 브리짓이 꿈꿔온 것들이 다 이루어진 듯해서 참 뿌듯했습니다 쿠키는 아니지만 크레딧 올라갈 때 예전 시리즈 장면도 나오니 놓치지 마세요 / 진짜 인생 시리즈.. 이번 작품 너무 따뜻하고 더 좋아요:-) 잔잔하게 눈물나고 오랫동안 기억날 작품 / 아주 재미있게 봤습니다 / 메이블 역할 연기 잘함 통통튐 / 브리짓 존스의 일기의 마지막을 잩식한것같네요 그동안 브리짓과 함께 선장해온기분 마크가 죽어 아쉽네요",25.8,74.2,37,36,61,34,84,17.0,,,43,,,58.0,51.0,,75.0,
82120,탑건-매버릭,0.6%,조셉 코신스키,"톰 크루즈, 마일즈 텔러, 제니퍼 코넬리",액션,2023.11.15,12세이상관람가,"한순간의 실수도 용납되지 않는 하늘 위,가장 압도적인 비행이 시작된다!최고의 파일럿이자 전설적인 인물 매버릭(톰 크루즈)은 자신이 졸업한 훈련학교 교관으로 발탁된다.그의 명성을 모르던 팀원들은 매버릭의 지시를 무시하지만 실전을 방불케 하는 상공 훈련에서 눈으로 봐도 믿기 힘든 전설적인 조종 실력에 모두가 압도된다.매버릭의 지휘아래 견고한 팀워크를 쌓아가던 팀원들에게 국경을 뛰어넘는 위험한 임무가 주어지자매버릭은 자신이 가르친 동료들과 함께 마지막이 될 지 모를 하늘 위 비행에 나서는데…",https://img.cgv.co.kr/Movie/Thumbnail/Poster/000082/82120/82120_320.jpg,다시 봤는데도 엄청 재미있게 봤음 스토리가 복잡하지 않아서 편하게 볼 수 있었고 적절한 긴장감과 공중전들이 좋았음 중간중간 삽인된 음악도 좋았고 전반적으로 그리운 옛날 할리우드 감성이었음 진부하다는 얘기는 절대 아님 8/10 / 영화관에서의 그 감동을 또 느끼고 싶어서 재개봉할때까지 넷플로도 안 보고 버틴 보람이 있네요 진짜레전드 / 다시 봐도 믿기지 않는 영화적 체험! / 기다렸다 극장에서 보길 잘했다 / 코ㅓ투터캌ㅋ마마우우으이잉 / 관객의 니즈를 잘 잡은 영화. 짜릿하게 재밌었음,49,51,47,53,56,76,79,56.0,,56.0,77,,53.0,,57.0,,,
89450,플로우,0.6%,긴츠 질발로디스,"고양이, 골든 리트리버, 뱀잡이수리, 여우원숭이, 카피바라",애니메이션,2025.03.19,전체관람가,"파도가 끝나는 곳,고양이의 모험이 시작된다!인간이 살았던 흔적만이 남아있는 세상,홀로 집을 지키던 '고양이'는 갑작스러운 대홍수로평화롭던 일상과 아늑했던 터전을 잃고 만다.때마침 다가온 낡은 배에 올라탄 '고양이'는그 안에서 '골든 리트리버', '카피바라','여우원숭이', '뱀잡이수리'를 만나고서로의 차이점을 극복하고팀을 이뤄 험난한 파도를 헤쳐나간다.",https://img.cgv.co.kr/Movie/Thumbnail/Poster/000089/89450/89450_320.jpg,겁먹고 부딪히고 모험하며 성장하는 것 / 귀여운 동물애니메이션인줄알고 보러갔더니 내용이 굉장히 철학적이었습니다... 수미상관 참선 / 아이들이 재미있다고하네요 / 귀엽고 짠하고 귀엽고 짠하고 귀엽고 짠하고. / 고양이가 위기에 처할 때에 영상과 음악이 긴박하게 어우러져서 영화 내내 가슴졸이며 봤습니다. 전체적으로 볼거리가 풍성한 영화네요. 동물들이 귀엽고 대사가 없는 거 치고는 상당히 스토리가 이해가 잘 갔지만 마지막 장면은 어떤 의미인지 잘 이해가 안 가긴 했어요. 그래도 재밌게 봤습니다. / 말통하는 인간들 보다 훨씬 나은 그들의 세계,36.1,63.9,37,58,59,86,30,,,,65,,,38.0,49.0,50.0,30.0,
89517,베러맨,0.4%,마이클 그레이시,"로비 윌리엄스, 조노 데이비스, 스티븐 펨버튼, 앨리슨 스테드맨",드라마,2025.04.09,15세이상관람가,"“나는 나를 넘어선다”더 나은 나, IT’S SHOWTIME어릴 때부터 노래에 남다른 재능을 보인 로비는보이밴드 ‘테이크 댓’으로 데뷔해 영국 전역에서 최고의 인기를 누린다.하지만 인기가 커질수록 각종 사건사고로 멤버들과 갈등을 빚고 결국 팀을 탈퇴한다.화려한 솔로 복귀에 성공하지만, 내면의 상처와 불안은 점점 커져만 간다.로비는 ‘더 나은 나’가 되기 위한 싸움을 시작하는데...<위대한 쇼맨>감독의 뮤직 판타지비틀즈 이후 가장 성공한 슈퍼스타가 온다!",https://img.cgv.co.kr/Movie/Thumbnail/Poster/000089/89517/89517_320.jpg,"Supreme이 안 나온 게 아쉽지만 역시 로비 노래는 좋아요 / 긴 러닝타임에 꽉꽉 찬 음악들이 누군가에게는 극호이겠지만 누군가에게는 지루했을듯 하다 / 노래 연출 다 좋았는데 원숭이가 너무 리얼해서 보는데 좀 거북했음...불쾌한 골짜기... 그리고 주인공이 이렇게 비호감인 성격은 처음이라 뭔가 감정이입이 잘 안됨ㅠ 특전 가사집이랑 티켓 너무 좋음 / 원숭이 CG는 도저히 이해가지 않는다. 비용 상승, 불쾌한 골짜기 등.. / 잘봤어요~잘봤어요~ / 연출 노래는 좋은데... 개인의 아픔이 크게 공감이 안 되고.. 유인원 외모가 별루 ㅜ",46.2,53.8,61,36,37,41,47,21.0,,,52,,35.0,23.0,29.0,,,
88076,위키드,0.4%,존 추,"아리아나 그란데, 신시아 에리보, 조나단 베일리, 에단 슬레이터, 양자경, 제프 골드브럼","환타지, 뮤지컬",2024.11.20,전체관람가,"자신의 진정한 힘을 미처 발견하지 못한 '엘파바'(신시아 에리보)자신의 진정한 본성을 아직 발견하지 못한 ‘글린다'(아리아나 그란데)전혀 다른 두 사람은 마법 같은 우정을 쌓아간다.그러던 어느 날, '마법사'의 초대를 받아 에메랄드 시티로 가게 되고운명은 예상치 못한 위기와 모험으로 두 사람을 이끄는데…마법 같은 운명의 시작, 누구나 세상을 날아오를 수 있어",https://img.cgv.co.kr/Movie/Thumbnail/Poster/000088/88076/88076_320.jpg,"3회차 뮤지컬의 정석..back to the reality / 영상미 그거 하나만으로도 충분히 볼 가치가 있는 작품 / 다시 봐도 너무 인생영화예요~ / 두번째 관람인데 너무 재밌었어요 / 훌륭한 프리퀄. 잘 만들었다 / 마녀는 마녀가 아니고, 마법사도 마법사가 아니다!!! 2편이 기대되요",32.8,67.2,72,41,49,73,65,21.0,,13.0,59,,51.0,,45.0,,,
89386,퇴마록,0.3%,김동철,"최한, 남도형, 정유정, 김연우, 홍승효, 황창영, 김민주(성우), 표영재","애니메이션, 액션, 미스터리",2025.02.21,12세이상관람가,"""삼백이 반으로 나뉘고, 다섯이 모자랄 때불씨가 하늘을 모두 태우리라""수백 년간 은거하던 해동밀교의 145대 교주가생명을 제물로 바쳐 절대 악(惡)의 힘을 얻기 위한 의식을 시작한다.해동밀교의 다섯 호법들은 그를 막기 위해힘을 보태줄 새로운 인물을 찾아나서고,파문 당한 신부 박윤규, 무공을 위해 밀교를 찾은 현암,사건의 중심에 있는 예언의 아이 준후가 합세해거대한 악에 맞서는데...하늘이 불타던 날,새로운 전설이 시작된다",https://img.cgv.co.kr/Movie/Thumbnail/Poster/000089/89386/89386_320.jpg,작화도 좋고 스토리도 괜찮네요. / 한국 에니메이션 중에 이렇게 가슴뛰는 작품이 나오다니. 영화관에서 보는 박진감이 집에서 tv로 느끼는 것과는 당연히 차이가 나겠지만 이 작품 정도면 넷플 같은 OTT에서 자금 받아 시리즈로 만들어주면 퇴마록의 오랜 독자 입장에서 너무 고마울 듯! 영화로 이걸 풀면 20년은 넘게 걸릴듯 / 재밌고 몰입하게 되는 한국 애니메이션이네요~ / 극장에서 봐야할 영화 너무 재밌어서 심장이 두근두근 / 이제야 시간나서 처음봤는데 너무 재밌잖아요.. 후속작 꼭 기다릴게요!!! / 50 만 추카추.이거 대한민국사람 다봐야함 액션 정말좋아효,38.4,61.7,34,50,60,78,29,,,,69,,,24.0,38.0,47.0,24.0,
89499,스윙걸즈,0.2%,야구치 시노부,"우에노 주리, 칸지야 시호리, 모토카리야 유이카, 오시마 유카리, 히라오카 유타, 타케나카 나오토",드라마,2025.03.26,12세이상관람가,"“빅밴드 재즈? 그게 뭐하는 건데?”지루한 보충수업을 째고 싶었을 뿐, 토모코(색소폰)야구부 선배에게 홀딱 반했을 뿐, 요시에(트럼펫)남들보다 폐활량이 뛰어났을 뿐, 세키구치(트럼본)어쩌다 친구 따라왔을 뿐, 나오미(드럼)심벌즈가 적성에 안 맞았을 뿐, 나카무라(피아노)짝사랑하는 재즈 덕후일 뿐, 수학 선생님(지휘)대단한 이유 없음! 눈부신 재능 없음! 거창한 목표 없음!그래서 우린 스윙한다♬ 그 누구보다 재미있게♬",https://img.cgv.co.kr/Movie/Thumbnail/Poster/000089/89499/89499_320.jpg,너무 재밌게 잘봤어요 ㅎㅎ / 처음봤는데 재미있었습니다! / 사랑스러움 한도초과! / 이렇게 좋아하는 일을 하면서 살았던 때가 언제였나 생각에 눈물이 났네요.. / 청춘+음악+일본감성 = 믿고본다 / 오랜만에 스크린으로 보니 더 좋네요 한여름부터 한겨울까지 이어지는 아름다운 재즈와 우정이 너무 귀엽고 감동적입니다 마음을 불편하게 하는 캐릭터가 없고 다투더라도 음악으로 금방 화해하는 청춘이 빛나는 영화였습니다,43.8,56.2,61,42,58,43,63,26.0,,,47,,66.0,37.0,46.0,,,
89425,콘클라베,0.2%,에드워드 버거,"랄프 파인즈, 스탠리 투치, 존 리스고, 이사벨라 로셀리니","드라마, 스릴러",2025.03.05,12세이상관람가,"교황의 예기치 못한 죽음 이후 새로운 교황을 선출하는 ‘콘클라베’가 시작되고,로렌스(랄프 파인즈)는 단장으로서 선거를 총괄하게 된다.한편 당선에 유력했던 후보들이 스캔들에 휘말리면서교활한 음모와 탐욕이 수면 위로 드러나는데…",https://img.cgv.co.kr/Movie/Thumbnail/Poster/000089/89425/89425_320.jpg,교황도 사람. 그들의 암투. / 잘봤습니다잘봤습니다 / 재미나게 잘 봤어요~~!! / 추기경 할아버지들 파이팅 / 인간의 심리묘사가 좋았습니다. / 평이 왜 좋은지 완벽히 이해가 되었어요^^ 오랜만에 정말 집중하여 본 영화~!!,35.5,64.6,43,61,65,60,82,17.0,,,79,,11.0,31.0,25.0,,,
89546,아마추어,0.2%,제임스 하위스,"라미 말렉, 레이첼 브로스나한, 로렌스 피쉬번",액션,2025.04.09,12세이상관람가,"아카데미 남우주연상 <보헤미안 랩소디> 라미 말렉의2025년 가장 치밀한 지능적 스파이 스릴러어느 날, 사랑하는 아내가 살해당했다내가 소속된 CIA는 침묵했고 진실은 묻혔다나는 프로 킬러도, 현장 요원도 아니다암호를 풀던 내가 이제는 복수를 설계한다놈들을 반드시 찾아내서 똑같이 갚아줄 것이다컴퓨터나 두들기는 범생이총 한 발 못 쏘는 ‘아마추어’라고 생각했겠지만,내가 잘하는 게 뭔지 알기나 해?4월 9일, 복수를 위한 설계가 시작된다!",https://img.cgv.co.kr/Movie/Thumbnail/Poster/000089/89546/89546_320.jpg,"배우의 연기가 좋다. 드라마틱하게 전개되지 않는 나름 현실적인 연기이다. / 스릴도있고 반전도 있어서 재밋게 봤어요. / 모피어스 봐서 좋음. 나름 볼만함 / 간절한 복수는 개인이 가진 충분한 재능으로 원하는 방향을 정하게 되며 성공한다,. / 007이나 제이슨 본과는 다른 두뇌 액션을 기대했는데 다소 부족한 감이 있다. 적당한 액션, 적당한 긴장감, 적당한 스토리지만 배우들의 연기는 돋보였다. / 스토리는 진부하지만 디즈니라 그런지 스케일 엄청커서 눈이 즐거웠어요",58.3,41.7,15,31,47,28,75,24.0,,42.0,63,,18.0,,16.0,,,
89607,2025 KBO 리그 - KIA 타이거즈 vs 두산 베어스,0.2%,,,,2025.04.20,전체관람가,"2025 신한 SOL뱅크 KBO 리그CGV 극장 단독 생중계!함성 가득한 그 뜨거운 순간!다시, CGV에서 2025 KBO 리그를 만나보세요!★ SCREENX LIVE 안내 ★- SCREENX LIVE 회차는 좌우 벽면까지 확장된 3면 생중계입니다.- 압도적인 현장감을 즐기며 다양한 시각에서 경기를 즐길 수 있습니다.- 단, ULTRA 4DX관에서 진행되는 SCREENX LIVE 회차는 별도 좌석 모션 효과는 없습니다. (3면 생중계만 적용)(경기 취소 시 안내)* 우천 등으로 인해 경기 전 / 경기 도중 취소 시, 본 콘텐츠 상영 또한 취소되며 이러한 경우 일괄 환불 예정* 노게임 선언 시 일괄 취소되며, 강우 콜드승 등 승패가 결정된 경기에 대해서는 별도 환불은 없음* 경기 취소 시 동일 경기에 대한 추가 상영 편성은 없음※ 꼭 확인하세요- 해당 콘텐츠는 당일 예매 취소 및 변경 불가로, 생중계 전날 23시 59분까지 취소가 가능합니다.- 본 콘텐츠의 상영은 날씨, 주최측 등 불가피한 사정에 의해 취소될 수 있습니다.- CGV 홈페이지/ 모바일 앱의 경우, 접속량에 따라 예매가 원활하지 않을 수 있는 점 사전 양해 부탁드립니다.- 본 콘텐츠는 생중계 콘텐츠 특성 상, 상영 시작이 지연되거나 연장될 수 있습니다.- 본 콘텐츠는 생중계 콘텐츠 특성 상, 통신 환경에 따라 상영 중 일시적인 끊김 현상이 있을 수 있습니다.- 관람 시 타인에게 불쾌감을 주거나 지나친 방해 및 위협을 초래하는 행동은 직원에 의해 제지 될 수 있습니다.- 각종 할인 쿠폰, 관람권 사용이 제한됩니다.- 주차 할인은 본 콘텐츠의 생중계 시간과 관계없이 각 극장별 기준으로 적용됩니다.- 상영 중 촬영 및 녹음은 불가합니다.- 생중계 예정 극장 및 상영관은 변경되거나 추가될 수 있습니다.- 극장(CGV)의 사정으로 본 이벤트의 취소 및 특이사항 발생시  기존 예매 고객께 문자로 안내됩니다.(사용하지 않는 연락처가 기재되어 있는 경우, 수신이 불가할 수 있습니다.)- 티켓의 임의적인 거래는 불법 행위입니다.개인 간 직거래 및 불법 사이트 거래를 통한 피해의 책임은 전적으로 당사자에게 있습니다.- 중계 사고 (관람 중 화면비 이상, 색감 이상, 사운드 끊임 등) 발생 시,공연법 보상 기준을 준용하여 보상하며, 세부 내용은 공지사항을 참고 부탁드립니다.- 장애인석은 일반 고객이 이용할 수 없는 좌석이며, 장애인석 예매 후 입장 시 증빙 서류(복지카드 등)를 통한 본인 확인이 진행됩니다.증빙 서류 미지참 또는 기준과 상이할 시 예매자 및 동반자 입장 제한되며, 예매하신 티켓은 현장에서 취소 및 환불될 수 있습니다.",https://img.cgv.co.kr/Movie/Thumbnail/Poster/000089/89607/89607_320.jpg,너무 쾌적한 환경에서 재밌게 관람 했어요 관람객이 없어서 상영 또 안할까봐 걱정이네요 ㅠ 완전 강추 입니다!!! / 9회말 재미있었어요!!,30,70,0,0,100,50,0,0.0,,,0,,,0.0,0.0,,,0.0
87547,어른 김장하,0.2%,김현지,"김장하, 김주완",다큐멘터리,2025.04.10,전체관람가,"""어른은 없고 꼰대만 가득한 시대, 당신은 어떤 사람이 될 것인가?""경남 진주의 어느 한약방,그곳에는 60년 동안 한약방을 지킨 한약사 김장하 선생이 있다.전 재산을 사회에 환원하고도 인터뷰 한 번 하지 않고많은 이들을 도우면서도 자신의 옷 한 벌 허투루 사지 않는 사람.11월, 좋은 어른을 기다리는 당신에게 김장하의 이야기가 찾아갑니다.",https://img.cgv.co.kr/Movie/Thumbnail/Poster/000087/87547/87547_320.jpg,"참어른과 같은 시대에 살고 있음에 감사하게 되네요. / 이 시대의 진정한 스승이자 어른!! / 저열함으로 가득한 세상에 자신의 길을 그저 묵묵히 걸을 뿐인 어른. / 영화가 끝이 나고 한참을 그 자리에 서서 박수 쳤습니다 할 말이 없습니다 진심으로 존경합니다 선생님 / 혼나고 싶은 선생님, 본받고 싶은 사람이 있다는 게 참 부럽다 / 감히 닮고 싶다는 말조차 입에 올리기 어려운 큰 어른. 대한민국 온 국민이 봤으면 알아줬으면 하는 큰 어른.",40.5,59.5,16,39,69,23,38,13.0,,,27,,,41.0,71.0,,9.0,
89515,본회퍼: 목사.스파이.암살자,0.2%,토드 코라르니키,"요나스 다슬러, 오거스트 딜, 모리츠 블라이브트로이, 나딘 하이덴라이히",드라마,2025.04.09,12세이상관람가,"기독교가 국가와 민족이라는 이름 아래 종속되어,예수 그리스도를 온전히 따르는 삶이 희미해지던 시대.독일의 젊은 신학자 디트리히 본회퍼는“오늘날의 기독교인은 과연 어떻게 살아야 하는가?”라는 질문을 던지며,교리가 아닌 실천의 중요성을 일깨운다.그는 “교회는 악을 방관해서는 안 된다”는 확고한 신념을 품고레지스탕스 활동에 참여하고,결국 히틀러 제거라는 치명적인 음모에 연루된다.한때 평화를 설교하던 그가,수많은 유대인을 구하기 위해 모든 것을 걸기로 결심하기까지이 극적인 여정은 본회퍼가 선택한 길이과연 역사의 물줄기를 바꿀 것이냐,아니면 자신의 모든 것을 앗아갈 것이냐는 물음을 남긴다.그의 헌신과 죽음은 오늘날까지도‘책임 있는 신앙’의 대표적 사례로 기억되며,시대와 국가를 넘어서 신앙의 본질을 묻는 깊은 울림을 전한다.",https://img.cgv.co.kr/Movie/Thumbnail/Poster/000089/89515/89515_320.jpg,"<별로예요> 를 처음 눌러봅니다. 편집만 조금 속도가 붙었더라도 ,,, / goooodgoooodgooood / 눈 먼 개선교인들에게 경종을 울리는 영화군요. / 1차 대전으로 형을 잃은 본회퍼는 미국으로 건너가 신학교를 다니며 흑인과 친구가 되어 어떠한 차별을 두지 않고 친구가 되었지만, 그 당시에는 백인과 흑인 사이에 인종 차별이 심하여 직접 체험하려고 뉴욕에 흑인 친구와 왔다가 심한 차별을 느끼고 다시 독일에 넘어갔지만, 그곳 에서는 히틀러가 / 오랜만에 느껴보는 감동적인 영화였습니다~ 많은분들이 꼭 보시길 추천해 봅니다! / 본회퍼의 일대기가 인상깊었다 일대기의 특성상 고유명사가 많았는데 독일어라 조금 피곤했다",50.4,49.6,18,39,72,33,70,25.0,,,50,,0.0,37.0,87.0,,,
83156,너의 새는 노래 할 수 있어,0.2%,미야케 쇼,"에모토 타스쿠, 이시바시 시즈카, 소메타니 쇼타",드라마,2025.04.16,15세이상관람가,서점에서 일하는 ‘나’와 여자친구 ‘사치코’ 룸메이트 ‘시즈오’친구와 연인 사이 세남녀의마치 영원히 끝나지 않을 것 같은 청춘 스케치,https://img.cgv.co.kr/Movie/Thumbnail/Poster/000083/83156/83156_320.jpg,너무 사랑 스러운 영화 👍👍 / 어어오ㅗ튜툐춑ㅎㅋㅎ코ㅗㄴ / 진흙탕에서 배움을 얻는다는 게 이런 거구나 그래도 변하려는 사람을 욕할 수가 없네 뭔가 바로잡을 시도까지 했다면 잘 했네 / 청춘을 살아가는 것은 무엇일까 / 요즘 젊은이들은 직업 관에 대하여 크게 생각하지 않고 오늘을 즐기기 위하여 살아간다. 서점에서 근무하는 이들은 돈이 부족하여 친구들과 월세 방을 살아가면서 서로에 대하여 상관하지 않아 둘 중의 한 명이 방으로 애인을 데리고 오면 살짝 모른 척 하며 다른 곳에서 자고 오기도 한다. 그러다가 / 청춘들의 이상과 현실을 잘 나타낸 영화. 알 수 없는 긴장감으로 영화 끝나고 여운이 남았음,58.1,41.9,34,51,43,50,70,15.0,,,69,,38.0,84.0,30.0,,,
88137,와일드 로봇,0.1%,크리스 샌더스,"루피타 뇽오, 페드로 파스칼, 캐서린 오하라, 빌 나이, 키트 코너, 스테파니 수, 윤아영, 김민주(성우), 박주환, 신경선, 박상훈(성우), 김성연, 구자형",애니메이션,2024.10.01,전체관람가,"뉴욕타임즈 베스트셀러 & 아마존 올해의 책!전 세계를 매료시킨 아동 문학 거장 피터 브라운 소설 첫 영화화!<드래곤 길들이기> 제작진이 선사하는 따뜻한 감성 어드벤처“이 비행은 너에게 주는 선물이야”우연한 사고로 거대한 야생에 불시착한 로봇 '로즈'는주변 동물들의 행동을 배우며 낯선 환경 속에 적응해 가던 중,사고로 세상에 홀로 남겨진 아기 기러기 '브라이트빌'의 보호자가 된다.‘로즈'는 입력되어 있지 않은 새로운 역할과 관계에 낯선 감정을 마주하고겨울이 오기 전에 남쪽으로 떠나야 하는 '브라이트빌'을 위해동물들의 도움을 받아 이주를 위한 생존 기술을 가르쳐준다.그러나 선천적으로 몸집이 작은 '브라이트빌'은 짧은 비행도 힘겨워 하는데...로봇 '로즈'와 아기 기러기 '브라이트빌'은 특별한 기적을 일으킬 수 있을까?",https://img.cgv.co.kr/Movie/Thumbnail/Poster/000088/88137/88137_320.jpg,로봇과 동물 그리고 자연이 함께 어우러져서 멋지고 아름다운 영상이 함께해서 좋았습니다! / 생각보다 안유치하고 재밌어요 / 오랜메네에 검동크읔ㅋ / 어른들도 볼수있는 감동스토리~ / 아름답고 행복한 영화입니다 / 재미있어요 아이와어른의감동실화,41,59,47,47,78,76,31,,,,61,,,49.0,69.0,46.0,43.0,
